"name	column_x	column_y"
"BTH	604.115372	501.123426"
"BTJ 	595.420983	505.520251"
"KNO 	598.885358	503.642353"
"PDG 	600.281487	499.211413"
